<?xml version="1.0" encoding="UTF-8"?>
<metadata xml:lang="de"><Esri><CreaDate>20161222</CreaDate><CreaTime>11461700</CreaTime><ArcGISFormat>1.0</ArcGISFormat><SyncOnce>FALSE</SyncOnce><DataProperties><lineage><Process ToolSource="c:\program files\arcgis\desktop10.1\ArcToolbox\Toolboxes\Data Management Tools.tbx\TruncateTable" Date="20140213" Time="150625">TruncateTable "Database Connections\arv_basis on sgis00002.sde\ARV_BASIS.GENERALISIERTE_THEMEN\ARV_BASIS.GEN_A4_GEMEINDEN_SEEN_F"</Process><Process ToolSource="c:\program files\arcgis\desktop10.1\ArcToolbox\Toolboxes\Data Management Tools.tbx\Append" Date="20140213" Time="150646">Append F:\arv\gemeindegrenzthemen\ARV_BASIS_GENERALISIERTE_THEMEN.mdb\Daten_fuer_SDE\GEN_A4_GEMEINDEN_SEEN_F "Database Connections\arv_basis on sgis00002.sde\ARV_BASIS.GENERALISIERTE_THEMEN\ARV_BASIS.GEN_A4_GEMEINDEN_SEEN_F" NO_TEST "BFS "BFS" true true false 2 Short 0 4 ,First,#,F:\arv\gemeindegrenzthemen\ARV_BASIS_GENERALISIERTE_THEMEN.mdb\Daten_fuer_SDE\GEN_A4_GEMEINDEN_SEEN_F,BFS,-1,-1;NAME "NAME" true true false 30 Text 0 0 ,First,#,F:\arv\gemeindegrenzthemen\ARV_BASIS_GENERALISIERTE_THEMEN.mdb\Daten_fuer_SDE\GEN_A4_GEMEINDEN_SEEN_F,NAME,-1,-1;BEZIRKSNAME "BEZIRKSNAME" true true false 30 Text 0 0 ,First,#,F:\arv\gemeindegrenzthemen\ARV_BASIS_GENERALISIERTE_THEMEN.mdb\Daten_fuer_SDE\GEN_A4_GEMEINDEN_SEEN_F,BEZIRKSNAME,-1,-1;ART_TEXT "ART_TEXT" true true false 50 Text 0 0 ,First,#,F:\arv\gemeindegrenzthemen\ARV_BASIS_GENERALISIERTE_THEMEN.mdb\Daten_fuer_SDE\GEN_A4_GEMEINDEN_SEEN_F,ART_TEXT,-1,-1;ART_CODE "ART_CODE" true true false 2 Short 0 4 ,First,#,F:\arv\gemeindegrenzthemen\ARV_BASIS_GENERALISIERTE_THEMEN.mdb\Daten_fuer_SDE\GEN_A4_GEMEINDEN_SEEN_F,ART_CODE,-1,-1;SHAPE.AREA "SHAPE.AREA" false false true 0 Double 0 0 ,First,#;SHAPE.LEN "SHAPE.LEN" false false true 0 Double 0 0 ,First,#" #</Process><Process ToolSource="c:\program files\arcgis\desktop10.1\ArcToolbox\Toolboxes\Data Management Tools.tbx\TruncateTable" Date="20140408" Time="065333">TruncateTable "Database Connections\arv_basis on sgis00002.sde\ARV_BASIS.GENERALISIERTE_THEMEN\ARV_BASIS.GEN_A4_GEMEINDEN_SEEN_F"</Process><Process ToolSource="c:\program files\arcgis\desktop10.1\ArcToolbox\Toolboxes\Data Management Tools.tbx\Append" Date="20140408" Time="065350">Append O:\arv\gemeindegrenzthemen\ARV_BASIS_GENERALISIERTE_THEMEN.mdb\Daten_fuer_SDE\GEN_A4_GEMEINDEN_SEEN_F "Database Connections\arv_basis on sgis00002.sde\ARV_BASIS.GENERALISIERTE_THEMEN\ARV_BASIS.GEN_A4_GEMEINDEN_SEEN_F" NO_TEST "BFS "BFS" true true false 2 Short 0 4 ,First,#,O:\arv\gemeindegrenzthemen\ARV_BASIS_GENERALISIERTE_THEMEN.mdb\Daten_fuer_SDE\GEN_A4_GEMEINDEN_SEEN_F,BFS,-1,-1;NAME "NAME" true true false 30 Text 0 0 ,First,#,O:\arv\gemeindegrenzthemen\ARV_BASIS_GENERALISIERTE_THEMEN.mdb\Daten_fuer_SDE\GEN_A4_GEMEINDEN_SEEN_F,NAME,-1,-1;BEZIRKSNAME "BEZIRKSNAME" true true false 30 Text 0 0 ,First,#,O:\arv\gemeindegrenzthemen\ARV_BASIS_GENERALISIERTE_THEMEN.mdb\Daten_fuer_SDE\GEN_A4_GEMEINDEN_SEEN_F,BEZIRKSNAME,-1,-1;ART_TEXT "ART_TEXT" true true false 50 Text 0 0 ,First,#,O:\arv\gemeindegrenzthemen\ARV_BASIS_GENERALISIERTE_THEMEN.mdb\Daten_fuer_SDE\GEN_A4_GEMEINDEN_SEEN_F,ART_TEXT,-1,-1;ART_CODE "ART_CODE" true true false 2 Short 0 4 ,First,#,O:\arv\gemeindegrenzthemen\ARV_BASIS_GENERALISIERTE_THEMEN.mdb\Daten_fuer_SDE\GEN_A4_GEMEINDEN_SEEN_F,ART_CODE,-1,-1;SHAPE.AREA "SHAPE.AREA" false false true 0 Double 0 0 ,First,#;SHAPE.LEN "SHAPE.LEN" false false true 0 Double 0 0 ,First,#" #</Process><Process ToolSource="c:\program files\arcgis\desktop10.1\ArcToolbox\Toolboxes\Data Management Tools.tbx\TruncateTable" Date="20140826" Time="105931">TruncateTable "Database Connections\arv_basis on sgis00002.sde\ARV_BASIS.GENERALISIERTE_THEMEN\ARV_BASIS.GEN_A4_GEMEINDEN_SEEN_F"</Process><Process ToolSource="c:\program files\arcgis\desktop10.1\ArcToolbox\Toolboxes\Data Management Tools.tbx\Append" Date="20140826" Time="105935">Append O:\arv\gemeindegrenzthemen\ARV_BASIS_GENERALISIERTE_THEMEN.mdb\Daten_fuer_SDE\GEN_A4_GEMEINDEN_SEEN_F "Database Connections\arv_basis on sgis00002.sde\ARV_BASIS.GENERALISIERTE_THEMEN\ARV_BASIS.GEN_A4_GEMEINDEN_SEEN_F" NO_TEST "BFS "BFS" true true false 2 Short 0 4 ,First,#,O:\arv\gemeindegrenzthemen\ARV_BASIS_GENERALISIERTE_THEMEN.mdb\Daten_fuer_SDE\GEN_A4_GEMEINDEN_SEEN_F,BFS,-1,-1;NAME "NAME" true true false 30 Text 0 0 ,First,#,O:\arv\gemeindegrenzthemen\ARV_BASIS_GENERALISIERTE_THEMEN.mdb\Daten_fuer_SDE\GEN_A4_GEMEINDEN_SEEN_F,NAME,-1,-1;BEZIRKSNAME "BEZIRKSNAME" true true false 30 Text 0 0 ,First,#,O:\arv\gemeindegrenzthemen\ARV_BASIS_GENERALISIERTE_THEMEN.mdb\Daten_fuer_SDE\GEN_A4_GEMEINDEN_SEEN_F,BEZIRKSNAME,-1,-1;ART_TEXT "ART_TEXT" true true false 50 Text 0 0 ,First,#,O:\arv\gemeindegrenzthemen\ARV_BASIS_GENERALISIERTE_THEMEN.mdb\Daten_fuer_SDE\GEN_A4_GEMEINDEN_SEEN_F,ART_TEXT,-1,-1;ART_CODE "ART_CODE" true true false 2 Short 0 4 ,First,#,O:\arv\gemeindegrenzthemen\ARV_BASIS_GENERALISIERTE_THEMEN.mdb\Daten_fuer_SDE\GEN_A4_GEMEINDEN_SEEN_F,ART_CODE,-1,-1;SHAPE.AREA "SHAPE.AREA" false false true 0 Double 0 0 ,First,#;SHAPE.LEN "SHAPE.LEN" false false true 0 Double 0 0 ,First,#" #</Process><Process ToolSource="c:\program files\arcgis\desktop10.1\ArcToolbox\Toolboxes\Data Management Tools.tbx\TruncateTable" Date="20150209" Time="092741">TruncateTable "Database Connections\arv_basis on sgis00002.sde\ARV_BASIS.GENERALISIERTE_THEMEN\ARV_BASIS.GEN_A4_GEMEINDEN_SEEN_F"</Process><Process ToolSource="c:\program files\arcgis\desktop10.1\ArcToolbox\Toolboxes\Data Management Tools.tbx\Append" Date="20150209" Time="092747">Append O:\arv\gemeindegrenzthemen\ARV_BASIS_GENERALISIERTE_THEMEN.mdb\Daten_fuer_SDE\GEN_A4_GEMEINDEN_SEEN_F "Database Connections\arv_basis on sgis00002.sde\ARV_BASIS.GENERALISIERTE_THEMEN\ARV_BASIS.GEN_A4_GEMEINDEN_SEEN_F" NO_TEST "BFS "BFS" true true false 2 Short 0 4 ,First,#,O:\arv\gemeindegrenzthemen\ARV_BASIS_GENERALISIERTE_THEMEN.mdb\Daten_fuer_SDE\GEN_A4_GEMEINDEN_SEEN_F,BFS,-1,-1;NAME "NAME" true true false 30 Text 0 0 ,First,#,O:\arv\gemeindegrenzthemen\ARV_BASIS_GENERALISIERTE_THEMEN.mdb\Daten_fuer_SDE\GEN_A4_GEMEINDEN_SEEN_F,NAME,-1,-1;BEZIRKSNAME "BEZIRKSNAME" true true false 30 Text 0 0 ,First,#,O:\arv\gemeindegrenzthemen\ARV_BASIS_GENERALISIERTE_THEMEN.mdb\Daten_fuer_SDE\GEN_A4_GEMEINDEN_SEEN_F,BEZIRKSNAME,-1,-1;ART_TEXT "ART_TEXT" true true false 50 Text 0 0 ,First,#,O:\arv\gemeindegrenzthemen\ARV_BASIS_GENERALISIERTE_THEMEN.mdb\Daten_fuer_SDE\GEN_A4_GEMEINDEN_SEEN_F,ART_TEXT,-1,-1;ART_CODE "ART_CODE" true true false 2 Short 0 4 ,First,#,O:\arv\gemeindegrenzthemen\ARV_BASIS_GENERALISIERTE_THEMEN.mdb\Daten_fuer_SDE\GEN_A4_GEMEINDEN_SEEN_F,ART_CODE,-1,-1;SHAPE.AREA "SHAPE.AREA" false false true 0 Double 0 0 ,First,#;SHAPE.LEN "SHAPE.LEN" false false true 0 Double 0 0 ,First,#" #</Process><Process ToolSource="c:\program files\arcgis\desktop10.1\ArcToolbox\Toolboxes\Data Management Tools.tbx\TruncateTable" Date="20160107" Time="091219">TruncateTable "Database Connections\arv_basis on sgis00002.sde\ARV_BASIS.GENERALISIERTE_THEMEN\ARV_BASIS.GEN_A4_GEMEINDEN_SEEN_F"</Process><Process ToolSource="c:\program files\arcgis\desktop10.1\ArcToolbox\Toolboxes\Data Management Tools.tbx\Append" Date="20160107" Time="091239">Append S:\andreas\gemeindegrenzen\ARV_BASIS_GENERALISIERTE_THEMEN.mdb\Daten_fuer_SDE\GEN_A4_GEMEINDEN_SEEN_F "Database Connections\arv_basis on sgis00002.sde\ARV_BASIS.GENERALISIERTE_THEMEN\ARV_BASIS.GEN_A4_GEMEINDEN_SEEN_F" NO_TEST "BFS "BFS" true true false 2 Short 0 4 ,First,#,S:\andreas\gemeindegrenzen\ARV_BASIS_GENERALISIERTE_THEMEN.mdb\Daten_fuer_SDE\GEN_A4_GEMEINDEN_SEEN_F,BFS,-1,-1;NAME "NAME" true true false 30 Text 0 0 ,First,#,S:\andreas\gemeindegrenzen\ARV_BASIS_GENERALISIERTE_THEMEN.mdb\Daten_fuer_SDE\GEN_A4_GEMEINDEN_SEEN_F,NAME,-1,-1;BEZIRKSNAME "BEZIRKSNAME" true true false 30 Text 0 0 ,First,#,S:\andreas\gemeindegrenzen\ARV_BASIS_GENERALISIERTE_THEMEN.mdb\Daten_fuer_SDE\GEN_A4_GEMEINDEN_SEEN_F,BEZIRKSNAME,-1,-1;ART_TEXT "ART_TEXT" true true false 50 Text 0 0 ,First,#,S:\andreas\gemeindegrenzen\ARV_BASIS_GENERALISIERTE_THEMEN.mdb\Daten_fuer_SDE\GEN_A4_GEMEINDEN_SEEN_F,ART_TEXT,-1,-1;ART_CODE "ART_CODE" true true false 2 Short 0 4 ,First,#,S:\andreas\gemeindegrenzen\ARV_BASIS_GENERALISIERTE_THEMEN.mdb\Daten_fuer_SDE\GEN_A4_GEMEINDEN_SEEN_F,ART_CODE,-1,-1;SHAPE.AREA "SHAPE.AREA" false false true 0 Double 0 0 ,First,#;SHAPE.LEN "SHAPE.LEN" false false true 0 Double 0 0 ,First,#" #</Process><Process ToolSource="c:\program files (x86)\arcgis\desktop10.1\ArcToolbox\Toolboxes\Data Management Tools.tbx\RepairGeometry" Date="20160701" Time="143934">RepairGeometry D:/lv95/migrate_sde/ARV_BASIS/arv_basis.gdb/GENERALISIERTE_THEMEN\GEN_A4_GEMEINDEN_SEEN_F KEEP_NULL</Process><Process ToolSource="c:\program files (x86)\arcgis\desktop10.1\ArcToolbox\Toolboxes\Data Management Tools.tbx\RepairGeometry" Date="20160702" Time="085742">RepairGeometry D:/lv95/migrate_sde/ARV_BASIS/arv_basis.gdb/GENERALISIERTE_THEMEN\GEN_A4_GEMEINDEN_SEEN_F KEEP_NULL</Process></lineage><itemProps><itemLocation><linkage Sync="TRUE">file://\\ji.ktzh.ch\Data\STAT\08_DS\03_GIS\Geodaten\Administrative_Grenzen\Gemeinden\Politische_Gemeinden_ZH\Shapes_Stände\Shape_generalisiert_2017\GEN_A4_GEMEINDEN_SEEN_2017_F.shp</linkage><protocol Sync="TRUE">Local Area Network</protocol></itemLocation><itemName Sync="TRUE">GEN_A4_GEMEINDEN_SEEN_2017_F</itemName><imsContentType Sync="TRUE">002</imsContentType><itemSize Sync="TRUE">0.000</itemSize></itemProps><coordRef><type Sync="TRUE">Projected</type><geogcsn Sync="TRUE">GCS_CH1903+</geogcsn><csUnits Sync="TRUE">Linear Unit: Meter (1.000000)</csUnits><projcsn Sync="TRUE">CH1903+_LV95</projcsn><peXml Sync="TRUE">&lt;ProjectedCoordinateSystem xsi:type='typens:ProjectedCoordinateSystem' xmlns:xsi='http://www.w3.org/2001/XMLSchema-instance' xmlns:xs='http://www.w3.org/2001/XMLSchema' xmlns:typens='http://www.esri.com/schemas/ArcGIS/1.4.0'&gt;&lt;WKT&gt;PROJCS[&amp;quot;CH1903+_LV95&amp;quot;,GEOGCS[&amp;quot;GCS_CH1903+&amp;quot;,DATUM[&amp;quot;D_CH1903+&amp;quot;,SPHEROID[&amp;quot;Bessel_1841&amp;quot;,6377397.155,299.1528128]],PRIMEM[&amp;quot;Greenwich&amp;quot;,0.0],UNIT[&amp;quot;Degree&amp;quot;,0.0174532925199433]],PROJECTION[&amp;quot;Hotine_Oblique_Mercator_Azimuth_Center&amp;quot;],PARAMETER[&amp;quot;False_Easting&amp;quot;,2600000.0],PARAMETER[&amp;quot;False_Northing&amp;quot;,1200000.0],PARAMETER[&amp;quot;Scale_Factor&amp;quot;,1.0],PARAMETER[&amp;quot;Azimuth&amp;quot;,90.0],PARAMETER[&amp;quot;Longitude_Of_Center&amp;quot;,7.439583333333333],PARAMETER[&amp;quot;Latitude_Of_Center&amp;quot;,46.95240555555556],UNIT[&amp;quot;Meter&amp;quot;,1.0],AUTHORITY[&amp;quot;EPSG&amp;quot;,2056]]&lt;/WKT&gt;&lt;XOrigin&gt;-27386400&lt;/XOrigin&gt;&lt;YOrigin&gt;-32067900&lt;/YOrigin&gt;&lt;XYScale&gt;140996569.55187955&lt;/XYScale&gt;&lt;ZOrigin&gt;-100000&lt;/ZOrigin&gt;&lt;ZScale&gt;10000&lt;/ZScale&gt;&lt;MOrigin&gt;-100000&lt;/MOrigin&gt;&lt;MScale&gt;10000&lt;/MScale&gt;&lt;XYTolerance&gt;0.001&lt;/XYTolerance&gt;&lt;ZTolerance&gt;0.001&lt;/ZTolerance&gt;&lt;MTolerance&gt;0.001&lt;/MTolerance&gt;&lt;HighPrecision&gt;true&lt;/HighPrecision&gt;&lt;WKID&gt;2056&lt;/WKID&gt;&lt;LatestWKID&gt;2056&lt;/LatestWKID&gt;&lt;/ProjectedCoordinateSystem&gt;</peXml></coordRef></DataProperties><SyncDate>20180130</SyncDate><SyncTime>10434500</SyncTime><ModDate>20180130</ModDate><ModTime>10434500</ModTime></Esri><dataIdInfo><envirDesc Sync="TRUE">Microsoft Windows 8 Version 6.2 (Build 9200) ; Esri ArcGIS 11.4.0.7198</envirDesc><dataLang><languageCode value="deu" Sync="TRUE"></languageCode><countryCode value="CHE" Sync="TRUE"></countryCode></dataLang><idCitation><resTitle Sync="TRUE">GEN_A4_GEMEINDEN_SEEN_2017_F</resTitle><presForm><PresFormCd value="005" Sync="TRUE"></PresFormCd></presForm></idCitation><spatRpType><SpatRepTypCd value="001" Sync="TRUE"></SpatRepTypCd></spatRpType></dataIdInfo><mdLang><languageCode value="deu" Sync="TRUE"></languageCode><countryCode value="CHE" Sync="TRUE"></countryCode></mdLang><mdChar><CharSetCd value="004" Sync="TRUE"></CharSetCd></mdChar><distInfo><distFormat><formatName Sync="TRUE">Shapefile</formatName></distFormat><distTranOps><transSize Sync="TRUE">0.000</transSize></distTranOps></distInfo><mdHrLv><ScopeCd value="005" Sync="TRUE"></ScopeCd></mdHrLv><mdHrLvName Sync="TRUE">dataset</mdHrLvName><refSysInfo><RefSystem><refSysID><identCode code="2056" Sync="TRUE"></identCode><idCodeSpace Sync="TRUE">EPSG</idCodeSpace><idVersion Sync="TRUE">8.8(8.1.0)</idVersion></refSysID></RefSystem></refSysInfo><spatRepInfo><VectSpatRep><geometObjs Name="GEN_A4_GEMEINDEN_SEEN_2017_F"><geoObjTyp><GeoObjTypCd value="002" Sync="TRUE"></GeoObjTypCd></geoObjTyp><geoObjCnt Sync="TRUE">0</geoObjCnt></geometObjs><topLvl><TopoLevCd value="001" Sync="TRUE"></TopoLevCd></topLvl></VectSpatRep></spatRepInfo><spdoinfo><ptvctinf><esriterm Name="GEN_A4_GEMEINDEN_SEEN_2017_F"><efeatyp Sync="TRUE">Simple</efeatyp><efeageom code="4" Sync="TRUE"></efeageom><esritopo Sync="TRUE">FALSE</esritopo><efeacnt Sync="TRUE">0</efeacnt><spindex Sync="TRUE">FALSE</spindex><linrefer Sync="TRUE">FALSE</linrefer></esriterm></ptvctinf></spdoinfo><eainfo><detailed Name="GEN_A4_GEMEINDEN_SEEN_2017_F"><enttyp><enttypl Sync="TRUE">GEN_A4_GEMEINDEN_SEEN_2017_F</enttypl><enttypt Sync="TRUE">Feature Class</enttypt><enttypc Sync="TRUE">0</enttypc></enttyp><attr><attrlabl Sync="TRUE">FID</attrlabl><attalias Sync="TRUE">FID</attalias><attrtype Sync="TRUE">OID</attrtype><attwidth Sync="TRUE">4</attwidth><atprecis Sync="TRUE">0</atprecis><attscale Sync="TRUE">0</attscale><attrdef Sync="TRUE">Internal feature number.</attrdef><attrdefs Sync="TRUE">Esri</attrdefs><attrdomv><udom Sync="TRUE">Sequential unique whole numbers that are automatically generated.</udom></attrdomv></attr><attr><attrlabl Sync="TRUE">Shape</attrlabl><attalias Sync="TRUE">Shape</attalias><attrtype Sync="TRUE">Geometry</attrtype><attwidth Sync="TRUE">0</attwidth><atprecis Sync="TRUE">0</atprecis><attscale Sync="TRUE">0</attscale><attrdef Sync="TRUE">Feature geometry.</attrdef><attrdefs Sync="TRUE">Esri</attrdefs><attrdomv><udom Sync="TRUE">Coordinates defining the features.</udom></attrdomv></attr><attr><attrlabl Sync="TRUE">OBJECTID</attrlabl><attalias Sync="TRUE">OBJECTID</attalias><attrtype Sync="TRUE">Integer</attrtype><attwidth Sync="TRUE">10</attwidth><atprecis Sync="TRUE">10</atprecis><attscale Sync="TRUE">0</attscale></attr><attr><attrlabl Sync="TRUE">BFS</attrlabl><attalias Sync="TRUE">BFS</attalias><attrtype Sync="TRUE">Integer</attrtype><attwidth Sync="TRUE">10</attwidth><atprecis Sync="TRUE">10</atprecis><attscale Sync="TRUE">0</attscale></attr><attr><attrlabl Sync="TRUE">NAME</attrlabl><attalias Sync="TRUE">NAME</attalias><attrtype Sync="TRUE">String</attrtype><attwidth Sync="TRUE">30</attwidth><atprecis Sync="TRUE">0</atprecis><attscale Sync="TRUE">0</attscale></attr><attr><attrlabl Sync="TRUE">BEZIRKSNAM</attrlabl><attalias Sync="TRUE">BEZIRKSNAM</attalias><attrtype Sync="TRUE">String</attrtype><attwidth Sync="TRUE">30</attwidth><atprecis Sync="TRUE">0</atprecis><attscale Sync="TRUE">0</attscale></attr><attr><attrlabl Sync="TRUE">ART_TEXT</attrlabl><attalias Sync="TRUE">ART_TEXT</attalias><attrtype Sync="TRUE">String</attrtype><attwidth Sync="TRUE">50</attwidth><atprecis Sync="TRUE">0</atprecis><attscale Sync="TRUE">0</attscale></attr><attr><attrlabl Sync="TRUE">ART_CODE</attrlabl><attalias Sync="TRUE">ART_CODE</attalias><attrtype Sync="TRUE">Integer</attrtype><attwidth Sync="TRUE">10</attwidth><atprecis Sync="TRUE">10</atprecis><attscale Sync="TRUE">0</attscale></attr><attr><attrlabl Sync="TRUE">SHAPE_AREA</attrlabl><attalias Sync="TRUE">SHAPE_AREA</attalias><attrtype Sync="TRUE">Double</attrtype><attwidth Sync="TRUE">19</attwidth><atprecis Sync="TRUE">0</atprecis><attscale Sync="TRUE">0</attscale><attrdef Sync="TRUE">Area of feature in internal units squared.</attrdef><attrdefs Sync="TRUE">Esri</attrdefs><attrdomv><udom Sync="TRUE">Positive real numbers that are automatically generated.</udom></attrdomv></attr><attr><attrlabl Sync="TRUE">SHAPE_LEN</attrlabl><attalias Sync="TRUE">SHAPE_LEN</attalias><attrtype Sync="TRUE">Double</attrtype><attwidth Sync="TRUE">19</attwidth><atprecis Sync="TRUE">0</atprecis><attscale Sync="TRUE">0</attscale></attr><attr><attrlabl Sync="TRUE">BFSNR</attrlabl><attalias Sync="TRUE">BFSNR</attalias><attrtype Sync="TRUE">Double</attrtype><attwidth Sync="TRUE">19</attwidth><atprecis Sync="TRUE">0</atprecis><attscale Sync="TRUE">0</attscale></attr><attr><attrlabl Sync="TRUE">GEMEINDE</attrlabl><attalias Sync="TRUE">GEMEINDE</attalias><attrtype Sync="TRUE">String</attrtype><attwidth Sync="TRUE">100</attwidth><atprecis Sync="TRUE">0</atprecis><attscale Sync="TRUE">0</attscale></attr><attr><attrlabl Sync="TRUE">BEZIRK</attrlabl><attalias Sync="TRUE">BEZIRK</attalias><attrtype Sync="TRUE">String</attrtype><attwidth Sync="TRUE">50</attwidth><atprecis Sync="TRUE">0</atprecis><attscale Sync="TRUE">0</attscale></attr><attr><attrlabl Sync="TRUE">REGION</attrlabl><attalias Sync="TRUE">REGION</attalias><attrtype Sync="TRUE">String</attrtype><attwidth Sync="TRUE">100</attwidth><atprecis Sync="TRUE">0</atprecis><attscale Sync="TRUE">0</attscale></attr><attr><attrlabl Sync="TRUE">TOTAL</attrlabl><attalias Sync="TRUE">TOTAL</attalias><attrtype Sync="TRUE">Double</attrtype><attwidth Sync="TRUE">19</attwidth><atprecis Sync="TRUE">0</atprecis><attscale Sync="TRUE">0</attscale></attr><attr><attrlabl Sync="TRUE">ZIMMER1</attrlabl><attalias Sync="TRUE">ZIMMER1</attalias><attrtype Sync="TRUE">Double</attrtype><attwidth Sync="TRUE">19</attwidth><atprecis Sync="TRUE">0</atprecis><attscale Sync="TRUE">0</attscale></attr><attr><attrlabl Sync="TRUE">ZIMMER2</attrlabl><attalias Sync="TRUE">ZIMMER2</attalias><attrtype Sync="TRUE">Double</attrtype><attwidth Sync="TRUE">19</attwidth><atprecis Sync="TRUE">0</atprecis><attscale Sync="TRUE">0</attscale></attr><attr><attrlabl Sync="TRUE">ZIMMER3</attrlabl><attalias Sync="TRUE">ZIMMER3</attalias><attrtype Sync="TRUE">Double</attrtype><attwidth Sync="TRUE">19</attwidth><atprecis Sync="TRUE">0</atprecis><attscale Sync="TRUE">0</attscale></attr><attr><attrlabl Sync="TRUE">ZIMMER4</attrlabl><attalias Sync="TRUE">ZIMMER4</attalias><attrtype Sync="TRUE">Double</attrtype><attwidth Sync="TRUE">19</attwidth><atprecis Sync="TRUE">0</atprecis><attscale Sync="TRUE">0</attscale></attr><attr><attrlabl Sync="TRUE">ZIMMER5P</attrlabl><attalias Sync="TRUE">ZIMMER5P</attalias><attrtype Sync="TRUE">Double</attrtype><attwidth Sync="TRUE">19</attwidth><atprecis Sync="TRUE">0</atprecis><attscale Sync="TRUE">0</attscale></attr><attr><attrlabl Sync="TRUE">EFH_TOTAL</attrlabl><attalias Sync="TRUE">EFH_TOTAL</attalias><attrtype Sync="TRUE">Double</attrtype><attwidth Sync="TRUE">19</attwidth><atprecis Sync="TRUE">0</atprecis><attscale Sync="TRUE">0</attscale></attr><attr><attrlabl Sync="TRUE">NEUBAU_TOT</attrlabl><attalias Sync="TRUE">NEUBAU_TOT</attalias><attrtype Sync="TRUE">Double</attrtype><attwidth Sync="TRUE">19</attwidth><atprecis Sync="TRUE">0</atprecis><attscale Sync="TRUE">0</attscale></attr><attr><attrlabl Sync="TRUE">NWHG_AKTUE</attrlabl><attalias Sync="TRUE">NWHG_AKTUE</attalias><attrtype Sync="TRUE">Double</attrtype><attwidth Sync="TRUE">19</attwidth><atprecis Sync="TRUE">0</atprecis><attscale Sync="TRUE">0</attscale></attr><attr><attrlabl Sync="TRUE">LW_ZIFFER_</attrlabl><attalias Sync="TRUE">LW_ZIFFER_</attalias><attrtype Sync="TRUE">Double</attrtype><attwidth Sync="TRUE">19</attwidth><atprecis Sync="TRUE">0</atprecis><attscale Sync="TRUE">0</attscale></attr><attr><attrlabl Sync="TRUE">TOTAL1</attrlabl><attalias Sync="TRUE">TOTAL1</attalias><attrtype Sync="TRUE">Double</attrtype><attwidth Sync="TRUE">19</attwidth><atprecis Sync="TRUE">0</atprecis><attscale Sync="TRUE">0</attscale></attr><attr><attrlabl Sync="TRUE">TOTAL2</attrlabl><attalias Sync="TRUE">TOTAL2</attalias><attrtype Sync="TRUE">Double</attrtype><attwidth Sync="TRUE">19</attwidth><atprecis Sync="TRUE">0</atprecis><attscale Sync="TRUE">0</attscale></attr><attr><attrlabl Sync="TRUE">TOTAL3</attrlabl><attalias Sync="TRUE">TOTAL3</attalias><attrtype Sync="TRUE">Double</attrtype><attwidth Sync="TRUE">19</attwidth><atprecis Sync="TRUE">0</atprecis><attscale Sync="TRUE">0</attscale></attr><attr><attrlabl Sync="TRUE">TOTAL4</attrlabl><attalias Sync="TRUE">TOTAL4</attalias><attrtype Sync="TRUE">Double</attrtype><attwidth Sync="TRUE">19</attwidth><atprecis Sync="TRUE">0</atprecis><attscale Sync="TRUE">0</attscale></attr><attr><attrlabl Sync="TRUE">TOTAL5</attrlabl><attalias Sync="TRUE">TOTAL5</attalias><attrtype Sync="TRUE">Double</attrtype><attwidth Sync="TRUE">19</attwidth><atprecis Sync="TRUE">0</atprecis><attscale Sync="TRUE">0</attscale></attr><attr><attrlabl Sync="TRUE">LW_ZIFFER1</attrlabl><attalias Sync="TRUE">LW_ZIFFER1</attalias><attrtype Sync="TRUE">Double</attrtype><attwidth Sync="TRUE">19</attwidth><atprecis Sync="TRUE">0</atprecis><attscale Sync="TRUE">0</attscale></attr><attr><attrlabl Sync="TRUE">LWZ_DIF</attrlabl><attalias Sync="TRUE">LWZ_DIF</attalias><attrtype Sync="TRUE">Double</attrtype><attwidth Sync="TRUE">19</attwidth><atprecis Sync="TRUE">0</atprecis><attscale Sync="TRUE">0</attscale></attr><attr><attrlabl Sync="TRUE">BFSNR_1</attrlabl><attalias Sync="TRUE">BFSNR_1</attalias><attrtype Sync="TRUE">Double</attrtype><attwidth Sync="TRUE">19</attwidth><atprecis Sync="TRUE">0</atprecis><attscale Sync="TRUE">0</attscale></attr><attr><attrlabl Sync="TRUE">GEMEINDE_1</attrlabl><attalias Sync="TRUE">GEMEINDE_1</attalias><attrtype Sync="TRUE">String</attrtype><attwidth Sync="TRUE">100</attwidth><atprecis Sync="TRUE">0</atprecis><attscale Sync="TRUE">0</attscale></attr><attr><attrlabl Sync="TRUE">BEZIRK_1</attrlabl><attalias Sync="TRUE">BEZIRK_1</attalias><attrtype Sync="TRUE">String</attrtype><attwidth Sync="TRUE">50</attwidth><atprecis Sync="TRUE">0</atprecis><attscale Sync="TRUE">0</attscale></attr><attr><attrlabl Sync="TRUE">REGION_1</attrlabl><attalias Sync="TRUE">REGION_1</attalias><attrtype Sync="TRUE">String</attrtype><attwidth Sync="TRUE">100</attwidth><atprecis Sync="TRUE">0</atprecis><attscale Sync="TRUE">0</attscale></attr><attr><attrlabl Sync="TRUE">TOTAL_1</attrlabl><attalias Sync="TRUE">TOTAL_1</attalias><attrtype Sync="TRUE">Double</attrtype><attwidth Sync="TRUE">19</attwidth><atprecis Sync="TRUE">0</atprecis><attscale Sync="TRUE">0</attscale></attr><attr><attrlabl Sync="TRUE">ZIMMER1_1</attrlabl><attalias Sync="TRUE">ZIMMER1_1</attalias><attrtype Sync="TRUE">Double</attrtype><attwidth Sync="TRUE">19</attwidth><atprecis Sync="TRUE">0</atprecis><attscale Sync="TRUE">0</attscale></attr><attr><attrlabl Sync="TRUE">ZIMMER2_1</attrlabl><attalias Sync="TRUE">ZIMMER2_1</attalias><attrtype Sync="TRUE">Double</attrtype><attwidth Sync="TRUE">19</attwidth><atprecis Sync="TRUE">0</atprecis><attscale Sync="TRUE">0</attscale></attr><attr><attrlabl Sync="TRUE">ZIMMER3_1</attrlabl><attalias Sync="TRUE">ZIMMER3_1</attalias><attrtype Sync="TRUE">Double</attrtype><attwidth Sync="TRUE">19</attwidth><atprecis Sync="TRUE">0</atprecis><attscale Sync="TRUE">0</attscale></attr><attr><attrlabl Sync="TRUE">ZIMMER4_1</attrlabl><attalias Sync="TRUE">ZIMMER4_1</attalias><attrtype Sync="TRUE">Double</attrtype><attwidth Sync="TRUE">19</attwidth><atprecis Sync="TRUE">0</atprecis><attscale Sync="TRUE">0</attscale></attr><attr><attrlabl Sync="TRUE">ZIMMER5P_1</attrlabl><attalias Sync="TRUE">ZIMMER5P_1</attalias><attrtype Sync="TRUE">Double</attrtype><attwidth Sync="TRUE">19</attwidth><atprecis Sync="TRUE">0</atprecis><attscale Sync="TRUE">0</attscale></attr><attr><attrlabl Sync="TRUE">EFH_TOTA_1</attrlabl><attalias Sync="TRUE">EFH_TOTA_1</attalias><attrtype Sync="TRUE">Double</attrtype><attwidth Sync="TRUE">19</attwidth><atprecis Sync="TRUE">0</atprecis><attscale Sync="TRUE">0</attscale></attr><attr><attrlabl Sync="TRUE">NEUBAU_T_1</attrlabl><attalias Sync="TRUE">NEUBAU_T_1</attalias><attrtype Sync="TRUE">Double</attrtype><attwidth Sync="TRUE">19</attwidth><atprecis Sync="TRUE">0</atprecis><attscale Sync="TRUE">0</attscale></attr><attr><attrlabl Sync="TRUE">NWHG_AKT_1</attrlabl><attalias Sync="TRUE">NWHG_AKT_1</attalias><attrtype Sync="TRUE">Double</attrtype><attwidth Sync="TRUE">19</attwidth><atprecis Sync="TRUE">0</atprecis><attscale Sync="TRUE">0</attscale></attr><attr><attrlabl Sync="TRUE">LW_ZIFFE_1</attrlabl><attalias Sync="TRUE">LW_ZIFFE_1</attalias><attrtype Sync="TRUE">Double</attrtype><attwidth Sync="TRUE">19</attwidth><atprecis Sync="TRUE">0</atprecis><attscale Sync="TRUE">0</attscale></attr><attr><attrlabl Sync="TRUE">TOTAL1_1</attrlabl><attalias Sync="TRUE">TOTAL1_1</attalias><attrtype Sync="TRUE">Double</attrtype><attwidth Sync="TRUE">19</attwidth><atprecis Sync="TRUE">0</atprecis><attscale Sync="TRUE">0</attscale></attr><attr><attrlabl Sync="TRUE">TOTAL2_1</attrlabl><attalias Sync="TRUE">TOTAL2_1</attalias><attrtype Sync="TRUE">Double</attrtype><attwidth Sync="TRUE">19</attwidth><atprecis Sync="TRUE">0</atprecis><attscale Sync="TRUE">0</attscale></attr><attr><attrlabl Sync="TRUE">TOTAL3_1</attrlabl><attalias Sync="TRUE">TOTAL3_1</attalias><attrtype Sync="TRUE">Double</attrtype><attwidth Sync="TRUE">19</attwidth><atprecis Sync="TRUE">0</atprecis><attscale Sync="TRUE">0</attscale></attr><attr><attrlabl Sync="TRUE">TOTAL4_1</attrlabl><attalias Sync="TRUE">TOTAL4_1</attalias><attrtype Sync="TRUE">Double</attrtype><attwidth Sync="TRUE">19</attwidth><atprecis Sync="TRUE">0</atprecis><attscale Sync="TRUE">0</attscale></attr><attr><attrlabl Sync="TRUE">TOTAL5_1</attrlabl><attalias Sync="TRUE">TOTAL5_1</attalias><attrtype Sync="TRUE">Double</attrtype><attwidth Sync="TRUE">19</attwidth><atprecis Sync="TRUE">0</atprecis><attscale Sync="TRUE">0</attscale></attr><attr><attrlabl Sync="TRUE">LW_ZIFFE_2</attrlabl><attalias Sync="TRUE">LW_ZIFFE_2</attalias><attrtype Sync="TRUE">Double</attrtype><attwidth Sync="TRUE">19</attwidth><atprecis Sync="TRUE">0</atprecis><attscale Sync="TRUE">0</attscale></attr><attr><attrlabl Sync="TRUE">LWZ_DIF_1</attrlabl><attalias Sync="TRUE">LWZ_DIF_1</attalias><attrtype Sync="TRUE">Double</attrtype><attwidth Sync="TRUE">19</attwidth><atprecis Sync="TRUE">0</atprecis><attscale Sync="TRUE">0</attscale></attr><attr><attrlabl Sync="TRUE">BFSNR_12</attrlabl><attalias Sync="TRUE">BFSNR_12</attalias><attrtype Sync="TRUE">Double</attrtype><attwidth Sync="TRUE">19</attwidth><atprecis Sync="TRUE">0</atprecis><attscale Sync="TRUE">0</attscale></attr><attr><attrlabl Sync="TRUE">GEMEINDE_2</attrlabl><attalias Sync="TRUE">GEMEINDE_2</attalias><attrtype Sync="TRUE">String</attrtype><attwidth Sync="TRUE">100</attwidth><atprecis Sync="TRUE">0</atprecis><attscale Sync="TRUE">0</attscale></attr><attr><attrlabl Sync="TRUE">BEZIRK_12</attrlabl><attalias Sync="TRUE">BEZIRK_12</attalias><attrtype Sync="TRUE">String</attrtype><attwidth Sync="TRUE">50</attwidth><atprecis Sync="TRUE">0</atprecis><attscale Sync="TRUE">0</attscale></attr><attr><attrlabl Sync="TRUE">REGION_12</attrlabl><attalias Sync="TRUE">REGION_12</attalias><attrtype Sync="TRUE">String</attrtype><attwidth Sync="TRUE">100</attwidth><atprecis Sync="TRUE">0</atprecis><attscale Sync="TRUE">0</attscale></attr><attr><attrlabl Sync="TRUE">TOTAL_12</attrlabl><attalias Sync="TRUE">TOTAL_12</attalias><attrtype Sync="TRUE">Double</attrtype><attwidth Sync="TRUE">19</attwidth><atprecis Sync="TRUE">0</atprecis><attscale Sync="TRUE">0</attscale></attr><attr><attrlabl Sync="TRUE">ZIMMER1_12</attrlabl><attalias Sync="TRUE">ZIMMER1_12</attalias><attrtype Sync="TRUE">Double</attrtype><attwidth Sync="TRUE">19</attwidth><atprecis Sync="TRUE">0</atprecis><attscale Sync="TRUE">0</attscale></attr><attr><attrlabl Sync="TRUE">ZIMMER2_12</attrlabl><attalias Sync="TRUE">ZIMMER2_12</attalias><attrtype Sync="TRUE">Double</attrtype><attwidth Sync="TRUE">19</attwidth><atprecis Sync="TRUE">0</atprecis><attscale Sync="TRUE">0</attscale></attr><attr><attrlabl Sync="TRUE">ZIMMER3_12</attrlabl><attalias Sync="TRUE">ZIMMER3_12</attalias><attrtype Sync="TRUE">Double</attrtype><attwidth Sync="TRUE">19</attwidth><atprecis Sync="TRUE">0</atprecis><attscale Sync="TRUE">0</attscale></attr><attr><attrlabl Sync="TRUE">ZIMMER4_12</attrlabl><attalias Sync="TRUE">ZIMMER4_12</attalias><attrtype Sync="TRUE">Double</attrtype><attwidth Sync="TRUE">19</attwidth><atprecis Sync="TRUE">0</atprecis><attscale Sync="TRUE">0</attscale></attr><attr><attrlabl Sync="TRUE">ZIMMER5P_2</attrlabl><attalias Sync="TRUE">ZIMMER5P_2</attalias><attrtype Sync="TRUE">Double</attrtype><attwidth Sync="TRUE">19</attwidth><atprecis Sync="TRUE">0</atprecis><attscale Sync="TRUE">0</attscale></attr><attr><attrlabl Sync="TRUE">EFH_TOTA_2</attrlabl><attalias Sync="TRUE">EFH_TOTA_2</attalias><attrtype Sync="TRUE">Double</attrtype><attwidth Sync="TRUE">19</attwidth><atprecis Sync="TRUE">0</atprecis><attscale Sync="TRUE">0</attscale></attr><attr><attrlabl Sync="TRUE">NEUBAU_T_2</attrlabl><attalias Sync="TRUE">NEUBAU_T_2</attalias><attrtype Sync="TRUE">Double</attrtype><attwidth Sync="TRUE">19</attwidth><atprecis Sync="TRUE">0</atprecis><attscale Sync="TRUE">0</attscale></attr><attr><attrlabl Sync="TRUE">NWHG_AKT_2</attrlabl><attalias Sync="TRUE">NWHG_AKT_2</attalias><attrtype Sync="TRUE">Double</attrtype><attwidth Sync="TRUE">19</attwidth><atprecis Sync="TRUE">0</atprecis><attscale Sync="TRUE">0</attscale></attr><attr><attrlabl Sync="TRUE">LW_ZIFFE_3</attrlabl><attalias Sync="TRUE">LW_ZIFFE_3</attalias><attrtype Sync="TRUE">Double</attrtype><attwidth Sync="TRUE">19</attwidth><atprecis Sync="TRUE">0</atprecis><attscale Sync="TRUE">0</attscale></attr><attr><attrlabl Sync="TRUE">TOTAL1_12</attrlabl><attalias Sync="TRUE">TOTAL1_12</attalias><attrtype Sync="TRUE">Double</attrtype><attwidth Sync="TRUE">19</attwidth><atprecis Sync="TRUE">0</atprecis><attscale Sync="TRUE">0</attscale></attr><attr><attrlabl Sync="TRUE">TOTAL2_12</attrlabl><attalias Sync="TRUE">TOTAL2_12</attalias><attrtype Sync="TRUE">Double</attrtype><attwidth Sync="TRUE">19</attwidth><atprecis Sync="TRUE">0</atprecis><attscale Sync="TRUE">0</attscale></attr><attr><attrlabl Sync="TRUE">TOTAL3_12</attrlabl><attalias Sync="TRUE">TOTAL3_12</attalias><attrtype Sync="TRUE">Double</attrtype><attwidth Sync="TRUE">19</attwidth><atprecis Sync="TRUE">0</atprecis><attscale Sync="TRUE">0</attscale></attr><attr><attrlabl Sync="TRUE">TOTAL4_12</attrlabl><attalias Sync="TRUE">TOTAL4_12</attalias><attrtype Sync="TRUE">Double</attrtype><attwidth Sync="TRUE">19</attwidth><atprecis Sync="TRUE">0</atprecis><attscale Sync="TRUE">0</attscale></attr><attr><attrlabl Sync="TRUE">TOTAL5_12</attrlabl><attalias Sync="TRUE">TOTAL5_12</attalias><attrtype Sync="TRUE">Double</attrtype><attwidth Sync="TRUE">19</attwidth><atprecis Sync="TRUE">0</atprecis><attscale Sync="TRUE">0</attscale></attr><attr><attrlabl Sync="TRUE">LW_ZIFFE_4</attrlabl><attalias Sync="TRUE">LW_ZIFFE_4</attalias><attrtype Sync="TRUE">Double</attrtype><attwidth Sync="TRUE">19</attwidth><atprecis Sync="TRUE">0</atprecis><attscale Sync="TRUE">0</attscale></attr><attr><attrlabl Sync="TRUE">LWZ_DIF_12</attrlabl><attalias Sync="TRUE">LWZ_DIF_12</attalias><attrtype Sync="TRUE">Double</attrtype><attwidth Sync="TRUE">19</attwidth><atprecis Sync="TRUE">0</atprecis><attscale Sync="TRUE">0</attscale></attr><attr><attrlabl Sync="TRUE">BFSNR_1_13</attrlabl><attalias Sync="TRUE">BFSNR_1_13</attalias><attrtype Sync="TRUE">Double</attrtype><attwidth Sync="TRUE">19</attwidth><atprecis Sync="TRUE">0</atprecis><attscale Sync="TRUE">0</attscale></attr><attr><attrlabl Sync="TRUE">GEMEINDE_3</attrlabl><attalias Sync="TRUE">GEMEINDE_3</attalias><attrtype Sync="TRUE">String</attrtype><attwidth Sync="TRUE">100</attwidth><atprecis Sync="TRUE">0</atprecis><attscale Sync="TRUE">0</attscale></attr><attr><attrlabl Sync="TRUE">BEZIRK__13</attrlabl><attalias Sync="TRUE">BEZIRK__13</attalias><attrtype Sync="TRUE">String</attrtype><attwidth Sync="TRUE">50</attwidth><atprecis Sync="TRUE">0</atprecis><attscale Sync="TRUE">0</attscale></attr><attr><attrlabl Sync="TRUE">REGION__13</attrlabl><attalias Sync="TRUE">REGION__13</attalias><attrtype Sync="TRUE">String</attrtype><attwidth Sync="TRUE">100</attwidth><atprecis Sync="TRUE">0</atprecis><attscale Sync="TRUE">0</attscale></attr><attr><attrlabl Sync="TRUE">TOTAL_1_13</attrlabl><attalias Sync="TRUE">TOTAL_1_13</attalias><attrtype Sync="TRUE">Double</attrtype><attwidth Sync="TRUE">19</attwidth><atprecis Sync="TRUE">0</atprecis><attscale Sync="TRUE">0</attscale></attr><attr><attrlabl Sync="TRUE">ZIMMER1_13</attrlabl><attalias Sync="TRUE">ZIMMER1_13</attalias><attrtype Sync="TRUE">Double</attrtype><attwidth Sync="TRUE">19</attwidth><atprecis Sync="TRUE">0</atprecis><attscale Sync="TRUE">0</attscale></attr><attr><attrlabl Sync="TRUE">ZIMMER2_13</attrlabl><attalias Sync="TRUE">ZIMMER2_13</attalias><attrtype Sync="TRUE">Double</attrtype><attwidth Sync="TRUE">19</attwidth><atprecis Sync="TRUE">0</atprecis><attscale Sync="TRUE">0</attscale></attr><attr><attrlabl Sync="TRUE">ZIMMER3_13</attrlabl><attalias Sync="TRUE">ZIMMER3_13</attalias><attrtype Sync="TRUE">Double</attrtype><attwidth Sync="TRUE">19</attwidth><atprecis Sync="TRUE">0</atprecis><attscale Sync="TRUE">0</attscale></attr><attr><attrlabl Sync="TRUE">ZIMMER4_13</attrlabl><attalias Sync="TRUE">ZIMMER4_13</attalias><attrtype Sync="TRUE">Double</attrtype><attwidth Sync="TRUE">19</attwidth><atprecis Sync="TRUE">0</atprecis><attscale Sync="TRUE">0</attscale></attr><attr><attrlabl Sync="TRUE">ZIMMER5P_3</attrlabl><attalias Sync="TRUE">ZIMMER5P_3</attalias><attrtype Sync="TRUE">Double</attrtype><attwidth Sync="TRUE">19</attwidth><atprecis Sync="TRUE">0</atprecis><attscale Sync="TRUE">0</attscale></attr><attr><attrlabl Sync="TRUE">EFH_TOTA_3</attrlabl><attalias Sync="TRUE">EFH_TOTA_3</attalias><attrtype Sync="TRUE">Double</attrtype><attwidth Sync="TRUE">19</attwidth><atprecis Sync="TRUE">0</atprecis><attscale Sync="TRUE">0</attscale></attr><attr><attrlabl Sync="TRUE">NEUBAU_T_3</attrlabl><attalias Sync="TRUE">NEUBAU_T_3</attalias><attrtype Sync="TRUE">Double</attrtype><attwidth Sync="TRUE">19</attwidth><atprecis Sync="TRUE">0</atprecis><attscale Sync="TRUE">0</attscale></attr><attr><attrlabl Sync="TRUE">NWHG_AKT_3</attrlabl><attalias Sync="TRUE">NWHG_AKT_3</attalias><attrtype Sync="TRUE">Double</attrtype><attwidth Sync="TRUE">19</attwidth><atprecis Sync="TRUE">0</atprecis><attscale Sync="TRUE">0</attscale></attr><attr><attrlabl Sync="TRUE">LW_ZIFFE_5</attrlabl><attalias Sync="TRUE">LW_ZIFFE_5</attalias><attrtype Sync="TRUE">Double</attrtype><attwidth Sync="TRUE">19</attwidth><atprecis Sync="TRUE">0</atprecis><attscale Sync="TRUE">0</attscale></attr><attr><attrlabl Sync="TRUE">TOTAL1__13</attrlabl><attalias Sync="TRUE">TOTAL1__13</attalias><attrtype Sync="TRUE">Double</attrtype><attwidth Sync="TRUE">19</attwidth><atprecis Sync="TRUE">0</atprecis><attscale Sync="TRUE">0</attscale></attr><attr><attrlabl Sync="TRUE">TOTAL2__13</attrlabl><attalias Sync="TRUE">TOTAL2__13</attalias><attrtype Sync="TRUE">Double</attrtype><attwidth Sync="TRUE">19</attwidth><atprecis Sync="TRUE">0</atprecis><attscale Sync="TRUE">0</attscale></attr><attr><attrlabl Sync="TRUE">TOTAL3__13</attrlabl><attalias Sync="TRUE">TOTAL3__13</attalias><attrtype Sync="TRUE">Double</attrtype><attwidth Sync="TRUE">19</attwidth><atprecis Sync="TRUE">0</atprecis><attscale Sync="TRUE">0</attscale></attr><attr><attrlabl Sync="TRUE">TOTAL4__13</attrlabl><attalias Sync="TRUE">TOTAL4__13</attalias><attrtype Sync="TRUE">Double</attrtype><attwidth Sync="TRUE">19</attwidth><atprecis Sync="TRUE">0</atprecis><attscale Sync="TRUE">0</attscale></attr><attr><attrlabl Sync="TRUE">TOTAL5__13</attrlabl><attalias Sync="TRUE">TOTAL5__13</attalias><attrtype Sync="TRUE">Double</attrtype><attwidth Sync="TRUE">19</attwidth><atprecis Sync="TRUE">0</atprecis><attscale Sync="TRUE">0</attscale></attr><attr><attrlabl Sync="TRUE">LW_ZIFFE_6</attrlabl><attalias Sync="TRUE">LW_ZIFFE_6</attalias><attrtype Sync="TRUE">Double</attrtype><attwidth Sync="TRUE">19</attwidth><atprecis Sync="TRUE">0</atprecis><attscale Sync="TRUE">0</attscale></attr><attr><attrlabl Sync="TRUE">LWZ_DIF_13</attrlabl><attalias Sync="TRUE">LWZ_DIF_13</attalias><attrtype Sync="TRUE">Double</attrtype><attwidth Sync="TRUE">19</attwidth><atprecis Sync="TRUE">0</atprecis><attscale Sync="TRUE">0</attscale></attr><attr><attrlabl Sync="TRUE">BFSNR_1_14</attrlabl><attalias Sync="TRUE">BFSNR_1_14</attalias><attrtype Sync="TRUE">Double</attrtype><attwidth Sync="TRUE">19</attwidth><atprecis Sync="TRUE">0</atprecis><attscale Sync="TRUE">0</attscale></attr><attr><attrlabl Sync="TRUE">GEMEINDE_4</attrlabl><attalias Sync="TRUE">GEMEINDE_4</attalias><attrtype Sync="TRUE">String</attrtype><attwidth Sync="TRUE">100</attwidth><atprecis Sync="TRUE">0</atprecis><attscale Sync="TRUE">0</attscale></attr><attr><attrlabl Sync="TRUE">BEZIRK__14</attrlabl><attalias Sync="TRUE">BEZIRK__14</attalias><attrtype Sync="TRUE">String</attrtype><attwidth Sync="TRUE">50</attwidth><atprecis Sync="TRUE">0</atprecis><attscale Sync="TRUE">0</attscale></attr><attr><attrlabl Sync="TRUE">REGION__14</attrlabl><attalias Sync="TRUE">REGION__14</attalias><attrtype Sync="TRUE">String</attrtype><attwidth Sync="TRUE">100</attwidth><atprecis Sync="TRUE">0</atprecis><attscale Sync="TRUE">0</attscale></attr><attr><attrlabl Sync="TRUE">TOTAL_1_14</attrlabl><attalias Sync="TRUE">TOTAL_1_14</attalias><attrtype Sync="TRUE">Double</attrtype><attwidth Sync="TRUE">19</attwidth><atprecis Sync="TRUE">0</atprecis><attscale Sync="TRUE">0</attscale></attr><attr><attrlabl Sync="TRUE">ZIMMER1_14</attrlabl><attalias Sync="TRUE">ZIMMER1_14</attalias><attrtype Sync="TRUE">Double</attrtype><attwidth Sync="TRUE">19</attwidth><atprecis Sync="TRUE">0</atprecis><attscale Sync="TRUE">0</attscale></attr><attr><attrlabl Sync="TRUE">ZIMMER2_14</attrlabl><attalias Sync="TRUE">ZIMMER2_14</attalias><attrtype Sync="TRUE">Double</attrtype><attwidth Sync="TRUE">19</attwidth><atprecis Sync="TRUE">0</atprecis><attscale Sync="TRUE">0</attscale></attr><attr><attrlabl Sync="TRUE">ZIMMER3_14</attrlabl><attalias Sync="TRUE">ZIMMER3_14</attalias><attrtype Sync="TRUE">Double</attrtype><attwidth Sync="TRUE">19</attwidth><atprecis Sync="TRUE">0</atprecis><attscale Sync="TRUE">0</attscale></attr><attr><attrlabl Sync="TRUE">ZIMMER4_14</attrlabl><attalias Sync="TRUE">ZIMMER4_14</attalias><attrtype Sync="TRUE">Double</attrtype><attwidth Sync="TRUE">19</attwidth><atprecis Sync="TRUE">0</atprecis><attscale Sync="TRUE">0</attscale></attr><attr><attrlabl Sync="TRUE">ZIMMER5P_4</attrlabl><attalias Sync="TRUE">ZIMMER5P_4</attalias><attrtype Sync="TRUE">Double</attrtype><attwidth Sync="TRUE">19</attwidth><atprecis Sync="TRUE">0</atprecis><attscale Sync="TRUE">0</attscale></attr><attr><attrlabl Sync="TRUE">EFH_TOTA_4</attrlabl><attalias Sync="TRUE">EFH_TOTA_4</attalias><attrtype Sync="TRUE">Double</attrtype><attwidth Sync="TRUE">19</attwidth><atprecis Sync="TRUE">0</atprecis><attscale Sync="TRUE">0</attscale></attr><attr><attrlabl Sync="TRUE">NEUBAU_T_4</attrlabl><attalias Sync="TRUE">NEUBAU_T_4</attalias><attrtype Sync="TRUE">Double</attrtype><attwidth Sync="TRUE">19</attwidth><atprecis Sync="TRUE">0</atprecis><attscale Sync="TRUE">0</attscale></attr><attr><attrlabl Sync="TRUE">NWHG_AKT_4</attrlabl><attalias Sync="TRUE">NWHG_AKT_4</attalias><attrtype Sync="TRUE">Double</attrtype><attwidth Sync="TRUE">19</attwidth><atprecis Sync="TRUE">0</atprecis><attscale Sync="TRUE">0</attscale></attr><attr><attrlabl Sync="TRUE">LW_ZIFFE_7</attrlabl><attalias Sync="TRUE">LW_ZIFFE_7</attalias><attrtype Sync="TRUE">Double</attrtype><attwidth Sync="TRUE">19</attwidth><atprecis Sync="TRUE">0</atprecis><attscale Sync="TRUE">0</attscale></attr><attr><attrlabl Sync="TRUE">TOTAL1__14</attrlabl><attalias Sync="TRUE">TOTAL1__14</attalias><attrtype Sync="TRUE">Double</attrtype><attwidth Sync="TRUE">19</attwidth><atprecis Sync="TRUE">0</atprecis><attscale Sync="TRUE">0</attscale></attr><attr><attrlabl Sync="TRUE">TOTAL2__14</attrlabl><attalias Sync="TRUE">TOTAL2__14</attalias><attrtype Sync="TRUE">Double</attrtype><attwidth Sync="TRUE">19</attwidth><atprecis Sync="TRUE">0</atprecis><attscale Sync="TRUE">0</attscale></attr><attr><attrlabl Sync="TRUE">TOTAL3__14</attrlabl><attalias Sync="TRUE">TOTAL3__14</attalias><attrtype Sync="TRUE">Double</attrtype><attwidth Sync="TRUE">19</attwidth><atprecis Sync="TRUE">0</atprecis><attscale Sync="TRUE">0</attscale></attr><attr><attrlabl Sync="TRUE">TOTAL4__14</attrlabl><attalias Sync="TRUE">TOTAL4__14</attalias><attrtype Sync="TRUE">Double</attrtype><attwidth Sync="TRUE">19</attwidth><atprecis Sync="TRUE">0</atprecis><attscale Sync="TRUE">0</attscale></attr><attr><attrlabl Sync="TRUE">TOTAL5__14</attrlabl><attalias Sync="TRUE">TOTAL5__14</attalias><attrtype Sync="TRUE">Double</attrtype><attwidth Sync="TRUE">19</attwidth><atprecis Sync="TRUE">0</atprecis><attscale Sync="TRUE">0</attscale></attr><attr><attrlabl Sync="TRUE">LW_ZIFFE_8</attrlabl><attalias Sync="TRUE">LW_ZIFFE_8</attalias><attrtype Sync="TRUE">Double</attrtype><attwidth Sync="TRUE">19</attwidth><atprecis Sync="TRUE">0</atprecis><attscale Sync="TRUE">0</attscale></attr><attr><attrlabl Sync="TRUE">LWZ_DIF_14</attrlabl><attalias Sync="TRUE">LWZ_DIF_14</attalias><attrtype Sync="TRUE">Double</attrtype><attwidth Sync="TRUE">19</attwidth><atprecis Sync="TRUE">0</atprecis><attscale Sync="TRUE">0</attscale></attr><attr><attrlabl Sync="TRUE">BFSNR_1_15</attrlabl><attalias Sync="TRUE">BFSNR_1_15</attalias><attrtype Sync="TRUE">Double</attrtype><attwidth Sync="TRUE">19</attwidth><atprecis Sync="TRUE">0</atprecis><attscale Sync="TRUE">0</attscale></attr><attr><attrlabl Sync="TRUE">GEMEINDE_5</attrlabl><attalias Sync="TRUE">GEMEINDE_5</attalias><attrtype Sync="TRUE">String</attrtype><attwidth Sync="TRUE">100</attwidth><atprecis Sync="TRUE">0</atprecis><attscale Sync="TRUE">0</attscale></attr><attr><attrlabl Sync="TRUE">BEZIRK__15</attrlabl><attalias Sync="TRUE">BEZIRK__15</attalias><attrtype Sync="TRUE">String</attrtype><attwidth Sync="TRUE">50</attwidth><atprecis Sync="TRUE">0</atprecis><attscale Sync="TRUE">0</attscale></attr><attr><attrlabl Sync="TRUE">REGION__15</attrlabl><attalias Sync="TRUE">REGION__15</attalias><attrtype Sync="TRUE">String</attrtype><attwidth Sync="TRUE">100</attwidth><atprecis Sync="TRUE">0</atprecis><attscale Sync="TRUE">0</attscale></attr><attr><attrlabl Sync="TRUE">TOTAL_1_15</attrlabl><attalias Sync="TRUE">TOTAL_1_15</attalias><attrtype Sync="TRUE">Double</attrtype><attwidth Sync="TRUE">19</attwidth><atprecis Sync="TRUE">0</atprecis><attscale Sync="TRUE">0</attscale></attr><attr><attrlabl Sync="TRUE">ZIMMER1_15</attrlabl><attalias Sync="TRUE">ZIMMER1_15</attalias><attrtype Sync="TRUE">Double</attrtype><attwidth Sync="TRUE">19</attwidth><atprecis Sync="TRUE">0</atprecis><attscale Sync="TRUE">0</attscale></attr><attr><attrlabl Sync="TRUE">ZIMMER2_15</attrlabl><attalias Sync="TRUE">ZIMMER2_15</attalias><attrtype Sync="TRUE">Double</attrtype><attwidth Sync="TRUE">19</attwidth><atprecis Sync="TRUE">0</atprecis><attscale Sync="TRUE">0</attscale></attr><attr><attrlabl Sync="TRUE">ZIMMER3_15</attrlabl><attalias Sync="TRUE">ZIMMER3_15</attalias><attrtype Sync="TRUE">Double</attrtype><attwidth Sync="TRUE">19</attwidth><atprecis Sync="TRUE">0</atprecis><attscale Sync="TRUE">0</attscale></attr><attr><attrlabl Sync="TRUE">ZIMMER4_15</attrlabl><attalias Sync="TRUE">ZIMMER4_15</attalias><attrtype Sync="TRUE">Double</attrtype><attwidth Sync="TRUE">19</attwidth><atprecis Sync="TRUE">0</atprecis><attscale Sync="TRUE">0</attscale></attr><attr><attrlabl Sync="TRUE">ZIMMER5P_5</attrlabl><attalias Sync="TRUE">ZIMMER5P_5</attalias><attrtype Sync="TRUE">Double</attrtype><attwidth Sync="TRUE">19</attwidth><atprecis Sync="TRUE">0</atprecis><attscale Sync="TRUE">0</attscale></attr><attr><attrlabl Sync="TRUE">EFH_TOTA_5</attrlabl><attalias Sync="TRUE">EFH_TOTA_5</attalias><attrtype Sync="TRUE">Double</attrtype><attwidth Sync="TRUE">19</attwidth><atprecis Sync="TRUE">0</atprecis><attscale Sync="TRUE">0</attscale></attr><attr><attrlabl Sync="TRUE">NEUBAU_T_5</attrlabl><attalias Sync="TRUE">NEUBAU_T_5</attalias><attrtype Sync="TRUE">Double</attrtype><attwidth Sync="TRUE">19</attwidth><atprecis Sync="TRUE">0</atprecis><attscale Sync="TRUE">0</attscale></attr><attr><attrlabl Sync="TRUE">NWHG_AKT_5</attrlabl><attalias Sync="TRUE">NWHG_AKT_5</attalias><attrtype Sync="TRUE">Double</attrtype><attwidth Sync="TRUE">19</attwidth><atprecis Sync="TRUE">0</atprecis><attscale Sync="TRUE">0</attscale></attr><attr><attrlabl Sync="TRUE">LW_ZIFFE_9</attrlabl><attalias Sync="TRUE">LW_ZIFFE_9</attalias><attrtype Sync="TRUE">Double</attrtype><attwidth Sync="TRUE">19</attwidth><atprecis Sync="TRUE">0</atprecis><attscale Sync="TRUE">0</attscale></attr><attr><attrlabl Sync="TRUE">TOTAL1__15</attrlabl><attalias Sync="TRUE">TOTAL1__15</attalias><attrtype Sync="TRUE">Double</attrtype><attwidth Sync="TRUE">19</attwidth><atprecis Sync="TRUE">0</atprecis><attscale Sync="TRUE">0</attscale></attr><attr><attrlabl Sync="TRUE">TOTAL2__15</attrlabl><attalias Sync="TRUE">TOTAL2__15</attalias><attrtype Sync="TRUE">Double</attrtype><attwidth Sync="TRUE">19</attwidth><atprecis Sync="TRUE">0</atprecis><attscale Sync="TRUE">0</attscale></attr><attr><attrlabl Sync="TRUE">TOTAL3__15</attrlabl><attalias Sync="TRUE">TOTAL3__15</attalias><attrtype Sync="TRUE">Double</attrtype><attwidth Sync="TRUE">19</attwidth><atprecis Sync="TRUE">0</atprecis><attscale Sync="TRUE">0</attscale></attr><attr><attrlabl Sync="TRUE">TOTAL4__15</attrlabl><attalias Sync="TRUE">TOTAL4__15</attalias><attrtype Sync="TRUE">Double</attrtype><attwidth Sync="TRUE">19</attwidth><atprecis Sync="TRUE">0</atprecis><attscale Sync="TRUE">0</attscale></attr><attr><attrlabl Sync="TRUE">TOTAL5__15</attrlabl><attalias Sync="TRUE">TOTAL5__15</attalias><attrtype Sync="TRUE">Double</attrtype><attwidth Sync="TRUE">19</attwidth><atprecis Sync="TRUE">0</atprecis><attscale Sync="TRUE">0</attscale></attr><attr><attrlabl Sync="TRUE">LW_ZIFF_10</attrlabl><attalias Sync="TRUE">LW_ZIFF_10</attalias><attrtype Sync="TRUE">Double</attrtype><attwidth Sync="TRUE">19</attwidth><atprecis Sync="TRUE">0</atprecis><attscale Sync="TRUE">0</attscale></attr><attr><attrlabl Sync="TRUE">LWZ_DIF_15</attrlabl><attalias Sync="TRUE">LWZ_DIF_15</attalias><attrtype Sync="TRUE">Double</attrtype><attwidth Sync="TRUE">19</attwidth><atprecis Sync="TRUE">0</atprecis><attscale Sync="TRUE">0</attscale></attr></detailed></eainfo><mdDateSt Sync="TRUE">20180130</mdDateSt></metadata>
